Billing Period Start,Billing Period End,Manual Entry Key,Service Date,Adjustment Category,Allocation,Worker Key,Approved Client Price,Approved Worker Price,Cost,Business Income,Status,Approved Or Updated At,Source File
2026-03-30,2026-04-12,ADJ-753C2DC7,2026-03-31,Positive adjustment,person,WRK-DD63004A,21.00,20.00,0.00,1.00,active,2026-08-15T12:27:06.291Z,manual_entries_period_01.csv
2026-03-30,2026-04-12,ADJ-CD24414B,2026-03-31,Positive adjustment,business,,195.00,0.00,0.00,195.00,active,2026-08-15T13:21:44.182Z,manual_entries_period_01.csv
2026-03-30,2026-04-12,ADJ-67E45F2B,2026-04-02,Positive adjustment,business,,2.20,0.00,0.00,2.20,active,2026-08-15T13:22:46.649Z,manual_entries_period_01.csv
2026-03-30,2026-04-12,ADJ-8C7B9738,2026-04-02,Positive adjustment,business,,20.00,0.00,0.00,20.00,active,2026-08-15T13:24:13.872Z,manual_entries_period_01.csv
2026-03-30,2026-04-12,ADJ-715C7E46,2026-04-04,Positive adjustment,business,,28.00,0.00,0.00,28.00,active,2026-08-15T13:23:05.911Z,manual_entries_period_01.csv
2026-03-30,2026-04-12,ADJ-4A618E25,2026-04-04,Positive adjustment,business,,91.00,0.00,0.00,91.00,active,2026-08-15T13:23:42.687Z,manual_entries_period_01.csv
2026-03-30,2026-04-12,ADJ-A26F9F44,2026-04-12,Negative adjustment,person,WRK-E7E0BC96,0.00,80.00,0.00,-80.00,active,2026-08-15T12:52:47.862Z,manual_entries_period_01.csv
2026-03-30,2026-04-12,ADJ-6659465F,2026-04-12,Negative adjustment,person,WRK-99159EBC,0.00,125.00,0.00,-125.00,active,2026-08-15T13:02:43.867Z,manual_entries_period_01.csv
2026-03-30,2026-04-12,ADJ-A9BA4845,2026-04-12,Positive adjustment,person,WRK-2E535014,0.00,-125.00,0.00,125.00,active,2026-08-15T13:03:02.959Z,manual_entries_period_01.csv
2026-03-30,2026-04-12,ADJ-3C3B5963,2026-04-12,Negative adjustment,person,WRK-95B7F5D5,0.00,22.50,0.00,-22.50,active,2026-08-15T13:03:27.727Z,manual_entries_period_01.csv
2026-03-30,2026-04-12,ADJ-7B58C48B,2026-04-12,Positive adjustment,person,WRK-2E535014,0.00,-22.50,0.00,22.50,active,2026-08-15T13:03:10.302Z,manual_entries_period_01.csv
2026-03-30,2026-04-12,ADJ-D6C222F3,2026-04-12,Positive adjustment,person,WRK-2E535014,0.00,-68.75,0.00,68.75,active,2026-08-15T13:02:51.073Z,manual_entries_period_01.csv
2026-03-30,2026-04-12,ADJ-E6689F05,2026-04-12,Positive adjustment,business,,490.00,0.00,0.00,490.00,active,2026-08-15T13:22:14.379Z,manual_entries_period_01.csv
2026-03-30,2026-04-12,ADJ-B1E59C93,2026-04-12,Negative adjustment,person,WRK-E7E0BC96,0.00,320.01,0.00,-320.01,active,2026-08-19T11:30:16.408Z,manual_entries_period_01.csv
2026-04-13,2026-04-26,ADJ-B1159EBA,2026-04-14,Negative adjustment,person,WRK-99159EBC,0.00,33.75,0.00,-33.75,active,2026-08-15T11:21:06.748Z,manual_entries_period_02.csv
2026-04-13,2026-04-26,ADJ-4EAA70D0,2026-04-14,Positive adjustment,person,WRK-2E535014,0.00,-33.75,0.00,33.75,active,2026-08-15T11:21:28.592Z,manual_entries_period_02.csv
2026-04-13,2026-04-26,ADJ-EDF727A7,2026-04-15,Negative adjustment,person,WRK-99159EBC,0.00,30.00,0.00,-30.00,active,2026-08-15T09:47:50.698Z,manual_entries_period_02.csv
2026-04-13,2026-04-26,ADJ-F50E0991,2026-04-18,Positive adjustment,person,WRK-95B7F5D5,42.00,20.00,0.00,22.00,active,2026-08-15T10:41:55.074Z,manual_entries_period_02.csv
2026-04-13,2026-04-26,ADJ-1B0E5690,2026-04-18,Positive adjustment,business,,42.00,0.00,0.00,42.00,active,2026-08-15T11:59:43.856Z,manual_entries_period_02.csv
2026-04-13,2026-04-26,ADJ-03B68BCF,2026-04-21,Negative adjustment,person,WRK-99159EBC,0.00,90.00,0.00,-90.00,active,2026-08-15T12:04:33.604Z,manual_entries_period_02.csv
2026-04-13,2026-04-26,ADJ-8F0FBC56,2026-04-24,Positive adjustment,person,WRK-99159EBC,0.00,-56.00,0.00,56.00,active,2026-08-15T11:25:53.156Z,manual_entries_period_02.csv
2026-04-13,2026-04-26,ADJ-9A56B78C,2026-04-25,Positive adjustment,person,WRK-DD63004A,0.00,-20.00,0.00,20.00,active,2026-08-15T09:53:42.486Z,manual_entries_period_02.csv
2026-04-13,2026-04-26,ADJ-45B1F0BF,2026-04-25,Negative adjustment,person,WRK-DD63004A,0.00,20.00,0.00,-20.00,active,2026-08-15T09:54:23.024Z,manual_entries_period_02.csv
2026-04-13,2026-04-26,ADJ-2BD94354,2026-04-26,Negative adjustment,person,WRK-DD63004A,0.00,25.40,0.00,-25.40,active,2026-08-15T09:52:29.495Z,manual_entries_period_02.csv
2026-04-13,2026-04-26,ADJ-2174BC5C,2026-04-26,Positive adjustment,person,WRK-99159EBC,0.00,-81.72,0.00,81.72,active,2026-08-15T11:26:02.006Z,manual_entries_period_02.csv
2026-04-13,2026-04-26,ADJ-930B0EE6,2026-04-26,Positive adjustment,business,,440.00,0.00,0.00,440.00,active,2026-08-15T11:35:26.478Z,manual_entries_period_02.csv
2026-04-13,2026-04-26,ADJ-9588652D,2026-04-26,Negative adjustment,person,WRK-E7E0BC96,0.00,213.72,0.00,-213.72,active,2026-08-19T11:27:11.870Z,manual_entries_period_02.csv
2026-04-27,2026-05-10,ADJ-5C1EE384,2026-05-04,Positive adjustment,person,WRK-99159EBC,0.00,-37.50,0.00,37.50,active,2026-08-12T14:49:47.232Z,manual_entries_period_03.csv
2026-04-27,2026-05-10,ADJ-992B2E3C,2026-05-04,Positive adjustment,person,WRK-99159EBC,0.00,-82.50,0.00,82.50,active,2026-08-12T14:50:19.741Z,manual_entries_period_03.csv
2026-04-27,2026-05-10,ADJ-C2BFFB2E,2026-05-05,Negative adjustment,person,WRK-99159EBC,0.00,100.00,0.00,-100.00,active,2026-08-12T14:46:36.943Z,manual_entries_period_03.csv
2026-04-27,2026-05-10,ADJ-0C684D00,2026-05-10,Negative adjustment,business,,-42.00,0.00,0.00,-42.00,active,2026-08-11T12:56:03.403Z,manual_entries_period_03.csv
2026-04-27,2026-05-10,ADJ-B9D35D5A,2026-05-10,Positive adjustment,business,,100.00,0.00,0.00,100.00,active,2026-08-11T12:56:16.416Z,manual_entries_period_03.csv
2026-04-27,2026-05-10,ADJ-CCED3B4D,2026-05-10,Negative adjustment,person,WRK-2E535014,0.00,80.00,0.00,-80.00,active,2026-08-19T12:47:24.855Z,manual_entries_period_03.csv
2026-05-11,2026-05-24,ADJ-77C03108,2026-05-24,Positive adjustment,business,,100.00,0.00,0.00,100.00,active,2026-08-21T04:32:31.892Z,manual_entries_period_04.csv
2026-05-11,2026-05-24,ADJ-4B99462C,2026-05-24,Positive adjustment,person,WRK-DD63004A,0.00,-40.00,0.00,40.00,active,2026-08-12T13:53:36.127Z,manual_entries_period_04.csv
2026-05-11,2026-05-24,ADJ-3EA661BE,2026-05-24,Negative adjustment,person,WRK-99159EBC,0.00,3.00,0.00,-3.00,active,2026-08-12T14:14:36.283Z,manual_entries_period_04.csv
2026-05-11,2026-05-24,ADJ-455FC579,2026-05-24,Positive adjustment,person,WRK-99159EBC,0.00,-55.00,0.00,55.00,active,2026-08-12T14:15:03.831Z,manual_entries_period_04.csv
2026-05-11,2026-05-24,ADJ-665B9381,2026-05-24,Positive adjustment,person,WRK-99159EBC,0.00,-150.00,0.00,150.00,active,2026-08-12T14:15:32.104Z,manual_entries_period_04.csv
2026-07-20,2026-08-02,ADJ-D3359356,2026-08-02,Negative adjustment,person,WRK-99159EBC,0.00,40.00,0.00,-40.00,active,2026-08-14T10:59:03.458Z,manual_entries_period_09.csv
2026-08-03,2026-08-16,ADJ-B91B869D,2026-08-13,Positive adjustment,business,,50.00,0.00,0.00,50.00,active,2026-08-13T06:42:47.469Z,manual_entries_period_10.csv
2026-08-03,2026-08-16,ADJ-313A732D,2026-08-16,Negative adjustment,person,WRK-4A0C30E3,0.00,137.50,0.00,-137.50,active,2026-08-27T07:18:21.051Z,manual_entries_period_10.csv
